{
  "name": "ultimateteam",
  "version": "1.0.0",
  "main": "index.ts",
  "scripts": {
    "start": "expo start",
    "android": "expo start --android",
    "ios": "expo start --ios",
    "web": "expo start --web"
  },
  "dependencies": {
    "@hookform/resolvers": "^5.0.1",
    "@react-native-async-storage/async-storage": "1.23.1",
    "@react-native-community/datetimepicker": "^8.3.0",
    "@react-navigation/bottom-tabs": "^7.3.10",
    "@react-navigation/native": "^7.1.6",
    "@react-navigation/native-stack": "^7.3.10",
    "@rneui/base": "^4.0.0-rc.7",
    "@rneui/themed": "^4.0.0-rc.8",
    "@supabase/supabase-js": "^2.49.4",
    "base64-arraybuffer": "^1.0.2",
    "expo": "~52.0.46",
    "expo-clipboard": "~7.0.1",
    "expo-constants": "~17.0.8",
    "expo-file-system": "^18.0.12",
    "expo-image-picker": "~16.0.6",
    "expo-router": "~4.0.20",
    "expo-status-bar": "~2.0.1",
    "lottie-react-native": "7.1.0",
    "react": "18.3.1",
    "react-hook-form": "^7.56.0",
    "react-native": "0.76.9",
    "react-native-elements": "^3.4.3",
    "react-native-gesture-handler": "~2.20.2",
    "react-native-paper": "^5.13.3",
    "react-native-reanimated": "~3.16.1",
    "react-native-safe-area-context": "4.12.0",
    "react-native-screens": "~4.4.0",
    "react-native-svg": "15.8.0",
    "react-native-url-polyfill": "^2.0.0",
    "react-native-vector-icons": "^10.2.0",
    "yup": "^1.6.1"
  },
  "devDependencies": {
    "@babel/core": "^7.25.2",
    "@types/react": "~18.3.12",
    "react-native-dotenv": "^3.4.11",
    "react-native-svg-transformer": "^1.5.0",
    "typescript": "^5.3.3"
  },
  "private": true
}
